,Entity,Regional Indicator,Year,Prevalence - Mental disorders - Sex: Both - Age: Age-standardized (Percent)
30,Albania,Europe,1990,11.52880687188354
31,Albania,Europe,1991,11.57774518946581
32,Albania,Europe,1992,11.61963017765792
33,Albania,Europe,1993,11.65594488198332
34,Albania,Europe,1994,11.68245182545508
35,Albania,Europe,1995,11.70099757358475
36,Albania,Europe,1996,11.71131634185639
37,Albania,Europe,1997,11.71594316657066
38,Albania,Europe,1998,11.717010785456887
39,Albania,Europe,1999,11.7189744156243
40,Albania,Europe,2000,11.71942648972776
41,Albania,Europe,2001,11.71102791202426
42,Albania,Europe,2002,11.70261700758612
43,Albania,Europe,2003,11.69014503184048
44,Albania,Europe,2004,11.67775187771095
45,Albania,Europe,2005,11.65937289884377
46,Albania,Europe,2006,11.63877334390668
47,Albania,Europe,2007,11.62024692650258
48,Albania,Europe,2008,11.602412077886813
49,Albania,Europe,2009,11.58498668060356
50,Albania,Europe,2010,11.56868845256158
51,Albania,Europe,2011,11.5665759338213
52,Albania,Europe,2012,11.57076045424944
53,Albania,Europe,2013,11.57598584093258
54,Albania,Europe,2014,11.57874325627064
55,Albania,Europe,2015,11.57676344158347
56,Albania,Europe,2016,11.56444277958855
57,Albania,Europe,2017,11.548472614716433
58,Albania,Europe,2018,11.54789863353455
59,Albania,Europe,2019,11.55843098896931
120,Andorra,Europe,1990,15.38042198220321
121,Andorra,Europe,1991,15.38223175985419
122,Andorra,Europe,1992,15.391817237408253
123,Andorra,Europe,1993,15.39107175134349
124,Andorra,Europe,1994,15.40108002750506
125,Andorra,Europe,1995,15.41329685927017
126,Andorra,Europe,1996,15.416534956519632
127,Andorra,Europe,1997,15.41755614684061
128,Andorra,Europe,1998,15.41394270090234
129,Andorra,Europe,1999,15.40769824932496
130,Andorra,Europe,2000,15.40926176827408
131,Andorra,Europe,2001,15.418618201843753
132,Andorra,Europe,2002,15.41885176974871
133,Andorra,Europe,2003,15.42243461174342
134,Andorra,Europe,2004,15.4124836957041
135,Andorra,Europe,2005,15.41437076875575
136,Andorra,Europe,2006,15.407457363366287
137,Andorra,Europe,2007,15.39439310360402
138,Andorra,Europe,2008,15.378264124904709
139,Andorra,Europe,2009,15.364443226881692
140,Andorra,Europe,2010,15.35970564956625
141,Andorra,Europe,2011,15.39149516918668
142,Andorra,Europe,2012,15.409718703575988
143,Andorra,Europe,2013,15.43211074210758
144,Andorra,Europe,2014,15.447613238574071
145,Andorra,Europe,2015,15.45265466472988
146,Andorra,Europe,2016,15.45086185020454
147,Andorra,Europe,2017,15.44681411274074
148,Andorra,Europe,2018,15.46192734759973
149,Andorra,Europe,2019,15.49529358892542
300,Austria,Europe,1990,15.937806863934
301,Austria,Europe,1991,15.96339872269518
302,Austria,Europe,1992,15.97752463572867
303,Austria,Europe,1993,15.985669521851332
304,Austria,Europe,1994,15.98131066538554
305,Austria,Europe,1995,15.9713587920008
306,Austria,Europe,1996,15.94500912905973
307,Austria,Europe,1997,15.900503082676378
308,Austria,Europe,1998,15.84563001362261
309,Austria,Europe,1999,15.79446314018918
310,Austria,Europe,2000,15.75734705839133
311,Austria,Europe,2001,15.734339981790068
312,Austria,Europe,2002,15.7161065753399
313,Austria,Europe,2003,15.69919205376498
314,Austria,Europe,2004,15.68387169978166
315,Austria,Europe,2005,15.67152569682877
316,Austria,Europe,2006,15.66054248247848
317,Austria,Europe,2007,15.65592114339282
318,Austria,Europe,2008,15.65331075627274
319,Austria,Europe,2009,15.65627971985263
320,Austria,Europe,2010,15.658216114626718
321,Austria,Europe,2011,15.67044491733752
322,Austria,Europe,2012,15.6875148030548
323,Austria,Europe,2013,15.71268920369346
324,Austria,Europe,2014,15.731147891559468
325,Austria,Europe,2015,15.744869355640231
326,Austria,Europe,2016,15.766658364190253
327,Austria,Europe,2017,15.78937209057142
328,Austria,Europe,2018,15.80062018119572
329,Austria,Europe,2019,15.81647796167553
480,Belarus,Europe,1990,12.800829437456528
481,Belarus,Europe,1991,12.83337967789701
482,Belarus,Europe,1992,12.86514920275306
483,Belarus,Europe,1993,12.89861892391123
484,Belarus,Europe,1994,12.92924522735504
485,Belarus,Europe,1995,12.960938198578232
486,Belarus,Europe,1996,13.00079272900147
487,Belarus,Europe,1997,13.04975493530266
488,Belarus,Europe,1998,13.098985108048812
489,Belarus,Europe,1999,13.139494287931692
490,Belarus,Europe,2000,13.16253841774068
491,Belarus,Europe,2001,13.16474564239604
492,Belarus,Europe,2002,13.157087005876008
493,Belarus,Europe,2003,13.136237626052772
494,Belarus,Europe,2004,13.110743754523698
495,Belarus,Europe,2005,13.07960790103057
496,Belarus,Europe,2006,13.03395084480658
497,Belarus,Europe,2007,12.96914205319681
498,Belarus,Europe,2008,12.89067244812288
499,Belarus,Europe,2009,12.82278177285406
500,Belarus,Europe,2010,12.774875983007112
501,Belarus,Europe,2011,12.74147680875114
502,Belarus,Europe,2012,12.71205576130228
503,Belarus,Europe,2013,12.68300652813422
504,Belarus,Europe,2014,12.66813412638842
505,Belarus,Europe,2015,12.656485258185498
506,Belarus,Europe,2016,12.64862836874121
507,Belarus,Europe,2017,12.64013231405004
508,Belarus,Europe,2018,12.6104759550271
509,Belarus,Europe,2019,12.56526282248056
510,Belgium,Europe,1990,14.72103804698979
511,Belgium,Europe,1991,14.71379014377914
512,Belgium,Europe,1992,14.70836005548235
513,Belgium,Europe,1993,14.70432548812777
514,Belgium,Europe,1994,14.70030919509679
515,Belgium,Europe,1995,14.69984954344416
516,Belgium,Europe,1996,14.69374310636394
517,Belgium,Europe,1997,14.67698736921339
518,Belgium,Europe,1998,14.65833283701706
519,Belgium,Europe,1999,14.650776926382589
520,Belgium,Europe,2000,14.66264775066202
521,Belgium,Europe,2001,14.68543563832968
522,Belgium,Europe,2002,14.71449524715888
523,Belgium,Europe,2003,14.739855678870988
524,Belgium,Europe,2004,14.76735320743968
525,Belgium,Europe,2005,14.79375106378485
526,Belgium,Europe,2006,14.831216497507372
527,Belgium,Europe,2007,14.88531960054598
528,Belgium,Europe,2008,14.942290740448971
529,Belgium,Europe,2009,14.990877372341572
530,Belgium,Europe,2010,15.01577647646108
531,Belgium,Europe,2011,15.023500908353702
532,Belgium,Europe,2012,15.0218927405984
533,Belgium,Europe,2013,15.0204902966791
534,Belgium,Europe,2014,15.01876277226841
535,Belgium,Europe,2015,15.01568911774433
536,Belgium,Europe,2016,15.00787237125864
537,Belgium,Europe,2017,15.00137868542655
538,Belgium,Europe,2018,14.98676208847509
539,Belgium,Europe,2019,14.964608019943071
690,Bosnia and Herzegovina,Europe,1990,12.53226863153373
691,Bosnia and Herzegovina,Europe,1991,12.6031067091259
692,Bosnia and Herzegovina,Europe,1992,12.64057148232344
693,Bosnia and Herzegovina,Europe,1993,12.65945314766617
694,Bosnia and Herzegovina,Europe,1994,12.664327788482591
695,Bosnia and Herzegovina,Europe,1995,12.6690652995658
696,Bosnia and Herzegovina,Europe,1996,12.63322485977654
697,Bosnia and Herzegovina,Europe,1997,12.53980938864111
698,Bosnia and Herzegovina,Europe,1998,12.42878234681948
699,Bosnia and Herzegovina,Europe,1999,12.3121174615341
700,Bosnia and Herzegovina,Europe,2000,12.2295281689043
701,Bosnia and Herzegovina,Europe,2001,12.170665342213969
702,Bosnia and Herzegovina,Europe,2002,12.11371244695333
703,Bosnia and Herzegovina,Europe,2003,12.06418939019621
704,Bosnia and Herzegovina,Europe,2004,12.0128889907203
705,Bosnia and Herzegovina,Europe,2005,11.95795609229344
706,Bosnia and Herzegovina,Europe,2006,11.8944055546951
707,Bosnia and Herzegovina,Europe,2007,11.824758602914413
708,Bosnia and Herzegovina,Europe,2008,11.75896065410335
709,Bosnia and Herzegovina,Europe,2009,11.700783567781867
710,Bosnia and Herzegovina,Europe,2010,11.65797322103844
711,Bosnia and Herzegovina,Europe,2011,11.62773994776472
712,Bosnia and Herzegovina,Europe,2012,11.59934217468696
713,Bosnia and Herzegovina,Europe,2013,11.57340019810837
714,Bosnia and Herzegovina,Europe,2014,11.54976149231001
715,Bosnia and Herzegovina,Europe,2015,11.5329965613884
716,Bosnia and Herzegovina,Europe,2016,11.5122614843734
717,Bosnia and Herzegovina,Europe,2017,11.49759605085238
718,Bosnia and Herzegovina,Europe,2018,11.500069622475513
719,Bosnia and Herzegovina,Europe,2019,11.51337635147718
810,Bulgaria,Europe,1990,11.53148385601467
811,Bulgaria,Europe,1991,11.5500022524575
812,Bulgaria,Europe,1992,11.563689190511631
813,Bulgaria,Europe,1993,11.57625492571344
814,Bulgaria,Europe,1994,11.58656426976444
815,Bulgaria,Europe,1995,11.59496200581107
816,Bulgaria,Europe,1996,11.59229784120699
817,Bulgaria,Europe,1997,11.57245500450264
818,Bulgaria,Europe,1998,11.54755450171292
819,Bulgaria,Europe,1999,11.52194250400474
820,Bulgaria,Europe,2000,11.50192932391819
821,Bulgaria,Europe,2001,11.48357199799446
822,Bulgaria,Europe,2002,11.45734689934851
823,Bulgaria,Europe,2003,11.42342148181925
824,Bulgaria,Europe,2004,11.39025025482546
825,Bulgaria,Europe,2005,11.35748816118717
826,Bulgaria,Europe,2006,11.33071230571933
827,Bulgaria,Europe,2007,11.31258288806481
828,Bulgaria,Europe,2008,11.29692567281987
829,Bulgaria,Europe,2009,11.27954321501444
830,Bulgaria,Europe,2010,11.25963477464804
831,Bulgaria,Europe,2011,11.23166915945082
832,Bulgaria,Europe,2012,11.20405201703166
833,Bulgaria,Europe,2013,11.18131298225914
834,Bulgaria,Europe,2014,11.16325917764868
835,Bulgaria,Europe,2015,11.1471291308979
836,Bulgaria,Europe,2016,11.14146947563598
837,Bulgaria,Europe,2017,11.13934888883236
838,Bulgaria,Europe,2018,11.13926842395397
839,Bulgaria,Europe,2019,11.14108966319428
1320,Croatia,Europe,1990,12.06068609672716
1321,Croatia,Europe,1991,12.06856529239256
1322,Croatia,Europe,1992,12.07225752601101
1323,Croatia,Europe,1993,12.07135091155349
1324,Croatia,Europe,1994,12.0639525998441
1325,Croatia,Europe,1995,12.054548195643209
1326,Croatia,Europe,1996,12.0399186208655
1327,Croatia,Europe,1997,12.02103513032816
1328,Croatia,Europe,1998,11.99969653892171
1329,Croatia,Europe,1999,11.97432805706469
1330,Croatia,Europe,2000,11.94990936258454
1331,Croatia,Europe,2001,11.9147549847619
1332,Croatia,Europe,2002,11.86961743179138
1333,Croatia,Europe,2003,11.81974634447652
1334,Croatia,Europe,2004,11.77388872991753
1335,Croatia,Europe,2005,11.73812152468889
1336,Croatia,Europe,2006,11.71225765800338
1337,Croatia,Europe,2007,11.68213484695805
1338,Croatia,Europe,2008,11.65602506627032
1339,Croatia,Europe,2009,11.63562545606216
1340,Croatia,Europe,2010,11.62392444777729
1341,Croatia,Europe,2011,11.619167902962529
1342,Croatia,Europe,2012,11.62103838470203
1343,Croatia,Europe,2013,11.627444692661
1344,Croatia,Europe,2014,11.634980644734547
1345,Croatia,Europe,2015,11.63516593512898
1346,Croatia,Europe,2016,11.66268820008829
1347,Croatia,Europe,2017,11.68509846056155
1348,Croatia,Europe,2018,11.68828846318334
1349,Croatia,Europe,2019,11.690584013143
1410,Czechia,Europe,1990,11.57302506950509
1411,Czechia,Europe,1991,11.5904854524694
1412,Czechia,Europe,1992,11.60058420217526
1413,Czechia,Europe,1993,11.60128759002456
1414,Czechia,Europe,1994,11.59976356657676
1415,Czechia,Europe,1995,11.59461236969489
1416,Czechia,Europe,1996,11.57564641830302
1417,Czechia,Europe,1997,11.542356069296709
1418,Czechia,Europe,1998,11.49874637496843
1419,Czechia,Europe,1999,11.458478541015127
1420,Czechia,Europe,2000,11.42508280680465
1421,Czechia,Europe,2001,11.4027807907147
1422,Czechia,Europe,2002,11.381499803851671
1423,Czechia,Europe,2003,11.36467261204392
1424,Czechia,Europe,2004,11.343920386832307
1425,Czechia,Europe,2005,11.3278981003581
1426,Czechia,Europe,2006,11.308373992512449
1427,Czechia,Europe,2007,11.28747118478688
1428,Czechia,Europe,2008,11.26547401557089
1429,Czechia,Europe,2009,11.24742464181322
1430,Czechia,Europe,2010,11.23534919648173
1431,Czechia,Europe,2011,11.2231707409877
1432,Czechia,Europe,2012,11.21058305001986
1433,Czechia,Europe,2013,11.19689863850117
1434,Czechia,Europe,2014,11.18571550783872
1435,Czechia,Europe,2015,11.17610817893399
1436,Czechia,Europe,2016,11.16503229198212
1437,Czechia,Europe,2017,11.151733699014809
1438,Czechia,Europe,2018,11.14384072981683
1439,Czechia,Europe,2019,11.1397787524548
1470,Denmark,Europe,1990,14.8448850851467
1471,Denmark,Europe,1991,14.81659472920558
1472,Denmark,Europe,1992,14.78154623095284
1473,Denmark,Europe,1993,14.74552835905972
1474,Denmark,Europe,1994,14.70331868878992
1475,Denmark,Europe,1995,14.6626067151217
1476,Denmark,Europe,1996,14.60872849441154
1477,Denmark,Europe,1997,14.53417976658121
1478,Denmark,Europe,1998,14.45593317342009
1479,Denmark,Europe,1999,14.37482700073825
1480,Denmark,Europe,2000,14.314777299665622
1481,Denmark,Europe,2001,14.265963151604192
1482,Denmark,Europe,2002,14.22034762087615
1483,Denmark,Europe,2003,14.174585318706573
1484,Denmark,Europe,2004,14.13772139524512
1485,Denmark,Europe,2005,14.10941177138004
1486,Denmark,Europe,2006,14.09830564106119
1487,Denmark,Europe,2007,14.10810918968427
1488,Denmark,Europe,2008,14.128454025909228
1489,Denmark,Europe,2009,14.15268803111179
1490,Denmark,Europe,2010,14.16180242143559
1491,Denmark,Europe,2011,14.16892005994672
1492,Denmark,Europe,2012,14.17976695867678
1493,Denmark,Europe,2013,14.19524456309234
1494,Denmark,Europe,2014,14.20964244862101
1495,Denmark,Europe,2015,14.215689379142022
1496,Denmark,Europe,2016,14.20625575626099
1497,Denmark,Europe,2017,14.19404274768067
1498,Denmark,Europe,2018,14.16134555620892
1499,Denmark,Europe,2019,14.09613885123937
1680,England,Europe,1990,15.10807205000481
1681,England,Europe,1991,15.07461911688038
1682,England,Europe,1992,15.04339791979967
1683,England,Europe,1993,15.015496187434598
1684,England,Europe,1994,14.99473786907555
1685,England,Europe,1995,14.98296568040382
1686,England,Europe,1996,14.9728642898287
1687,England,Europe,1997,14.9557778062141
1688,England,Europe,1998,14.936264510155109
1689,England,Europe,1999,14.91710679140141
1690,England,Europe,2000,14.901194632835091
1691,England,Europe,2001,14.8700399258637
1692,England,Europe,2002,14.81329890690313
1693,England,Europe,2003,14.74809256599508
1694,England,Europe,2004,14.69204113480965
1695,England,Europe,2005,14.6628710189925
1696,England,Europe,2006,14.68622621047117
1697,England,Europe,2007,14.75949970895385
1698,England,Europe,2008,14.85506678482926
1699,England,Europe,2009,14.94373409007972
1700,England,Europe,2010,14.9984268321692
1701,England,Europe,2011,15.05704530491305
1702,England,Europe,2012,15.15807679791233
1703,England,Europe,2013,15.269238489571691
1704,England,Europe,2014,15.359062181649849
1705,England,Europe,2015,15.39574657506625
1706,England,Europe,2016,15.326183474384388
1707,England,Europe,2017,15.25478332890109
1708,England,Europe,2018,15.239700539216038
1709,England,Europe,2019,15.218802431405951
1770,Estonia,Europe,1990,13.19430854448782
1771,Estonia,Europe,1991,13.18599202051426
1772,Estonia,Europe,1992,13.181577349420328
1773,Estonia,Europe,1993,13.181499651079582
1774,Estonia,Europe,1994,13.17925557961645
1775,Estonia,Europe,1995,13.181730275581192
1776,Estonia,Europe,1996,13.183354011814467
1777,Estonia,Europe,1997,13.18967592819802
1778,Estonia,Europe,1998,13.19570416747154
1779,Estonia,Europe,1999,13.18849751105553
1780,Estonia,Europe,2000,13.17087578854978
1781,Estonia,Europe,2001,13.120828086661987
1782,Estonia,Europe,2002,13.03229867597257
1783,Estonia,Europe,2003,12.9274835192814
1784,Estonia,Europe,2004,12.820458214889069
1785,Estonia,Europe,2005,12.72805036068402
1786,Estonia,Europe,2006,12.65284553897654
1787,Estonia,Europe,2007,12.57566202339272
1788,Estonia,Europe,2008,12.50335929546928
1789,Estonia,Europe,2009,12.43738731854909
1790,Estonia,Europe,2010,12.38816188176118
1791,Estonia,Europe,2011,12.34377398477802
1792,Estonia,Europe,2012,12.30301386218092
1793,Estonia,Europe,2013,12.26713000758942
1794,Estonia,Europe,2014,12.23710892160669
1795,Estonia,Europe,2015,12.21549156593201
1796,Estonia,Europe,2016,12.19832224836608
1797,Estonia,Europe,2017,12.18195394646984
1798,Estonia,Europe,2018,12.18310333718865
1799,Estonia,Europe,2019,12.194628755419613
1890,Finland,Europe,1990,16.27654464817957
1891,Finland,Europe,1991,16.00997742257127
1892,Finland,Europe,1992,15.775214310863287
1893,Finland,Europe,1993,15.58033699479828
1894,Finland,Europe,1994,15.436730130801598
1895,Finland,Europe,1995,15.35395365677201
1896,Finland,Europe,1996,15.32599184189091
1897,Finland,Europe,1997,15.32300553396648
1898,Finland,Europe,1998,15.33613558642238
1899,Finland,Europe,1999,15.34546067194733
1900,Finland,Europe,2000,15.34172306980135
1901,Finland,Europe,2001,15.2858463799926
1902,Finland,Europe,2002,15.178661486090538
1903,Finland,Europe,2003,15.05245185762214
1904,Finland,Europe,2004,14.94440667556311
1905,Finland,Europe,2005,14.89395493760283
1906,Finland,Europe,2006,14.93096733354701
1907,Finland,Europe,2007,15.026315111420413
1908,Finland,Europe,2008,15.14636078766257
1909,Finland,Europe,2009,15.24527141793604
1910,Finland,Europe,2010,15.28034795423731
1911,Finland,Europe,2011,15.24587686965402
1912,Finland,Europe,2012,15.17467291180199
1913,Finland,Europe,2013,15.0897458327628
1914,Finland,Europe,2014,15.01872918259716
1915,Finland,Europe,2015,14.98095161480428
1916,Finland,Europe,2016,14.928202210838329
1917,Finland,Europe,2017,14.8764639194901
1918,Finland,Europe,2018,14.904112599027531
1919,Finland,Europe,2019,14.96401730443336
1920,France,Europe,1990,16.977795604247937
1921,France,Europe,1991,16.91298261782341
1922,France,Europe,1992,16.864251728070258
1923,France,Europe,1993,16.83376069693985
1924,France,Europe,1994,16.81642634247757
1925,France,Europe,1995,16.81187977073554
1926,France,Europe,1996,16.85213563626286
1927,France,Europe,1997,16.94647330275424
1928,France,Europe,1998,17.06222884408793
1929,France,Europe,1999,17.16328802730095
1930,France,Europe,2000,17.2151967515317
1931,France,Europe,2001,17.22574136960731
1932,France,Europe,2002,17.21666437806283
1933,France,Europe,2003,17.19453666998086
1934,France,Europe,2004,17.17470848559739
1935,France,Europe,2005,17.15750149388133
1936,France,Europe,2006,17.11103649842051
1937,France,Europe,2007,17.02408199213527
1938,France,Europe,2008,16.923180413032902
1939,France,Europe,2009,16.834417464544043
1940,France,Europe,2010,16.78829287646037
1941,France,Europe,2011,16.76626045401662
1942,France,Europe,2012,16.72828235609786
1943,France,Europe,2013,16.68764502823954
1944,France,Europe,2014,16.65298207364988
1945,France,Europe,2015,16.63925573860026
1946,France,Europe,2016,16.6408325589408
1947,France,Europe,2017,16.64263703714861
1948,France,Europe,2018,16.63718330754719
1949,France,Europe,2019,16.63237223880752
2040,Germany,Europe,1990,14.39566491098071
2041,Germany,Europe,1991,14.42765407117507
2042,Germany,Europe,1992,14.459100886864128
2043,Germany,Europe,1993,14.48984566221497
2044,Germany,Europe,1994,14.50930948011721
2045,Germany,Europe,1995,14.51826866333242
2046,Germany,Europe,1996,14.52514839265876
2047,Germany,Europe,1997,14.54918242623086
2048,Germany,Europe,1998,14.57353597162922
2049,Germany,Europe,1999,14.59357172187816
2050,Germany,Europe,2000,14.601952168888449
2051,Germany,Europe,2001,14.63212843183392
2052,Germany,Europe,2002,14.7045664281976
2053,Germany,Europe,2003,14.78830604247641
2054,Germany,Europe,2004,14.86430996672287
2055,Germany,Europe,2005,14.898833711205553
2056,Germany,Europe,2006,14.93020922843274
2057,Germany,Europe,2007,14.994970229770011
2058,Germany,Europe,2008,15.07612921094402
2059,Germany,Europe,2009,15.13942204244852
2060,Germany,Europe,2010,15.1759468511686
2061,Germany,Europe,2011,15.18341557175352
2062,Germany,Europe,2012,15.20331861442762
2063,Germany,Europe,2013,15.21521164312244
2064,Germany,Europe,2014,15.22465035430951
2065,Germany,Europe,2015,15.22788799484557
2066,Germany,Europe,2016,15.17141716699681
2067,Germany,Europe,2017,15.10134299303032
2068,Germany,Europe,2018,15.058288605816289
2069,Germany,Europe,2019,15.00078995899444
2100,Greece,Europe,1990,16.631643325457272
2101,Greece,Europe,1991,16.61574891579822
2102,Greece,Europe,1992,16.60725716879831
2103,Greece,Europe,1993,16.61255367601553
2104,Greece,Europe,1994,16.62417687113522
2105,Greece,Europe,1995,16.63818441391271
2106,Greece,Europe,1996,16.754557669115968
2107,Greece,Europe,1997,17.00451646845264
2108,Greece,Europe,1998,17.298842107290042
2109,Greece,Europe,1999,17.54599959789083
2110,Greece,Europe,2000,17.64643128003989
2111,Greece,Europe,2001,17.614474998985568
2112,Greece,Europe,2002,17.52669038045088
2113,Greece,Europe,2003,17.43047115472945
2114,Greece,Europe,2004,17.35410096371301
2115,Greece,Europe,2005,17.33361997929934
2116,Greece,Europe,2006,17.35747883227834
2117,Greece,Europe,2007,17.3843201457278
2118,Greece,Europe,2008,17.41331993792449
2119,Greece,Europe,2009,17.443550542780038
2120,Greece,Europe,2010,17.46791043457181
2121,Greece,Europe,2011,17.42682551408068
2122,Greece,Europe,2012,17.30544586579987
2123,Greece,Europe,2013,17.15608036822755
2124,Greece,Europe,2014,17.02908577281518
2125,Greece,Europe,2015,16.98736326893342
2126,Greece,Europe,2016,17.02780597759338
2127,Greece,Europe,2017,17.085862021256983
2128,Greece,Europe,2018,17.09373600088816
2129,Greece,Europe,2019,17.04689208034167
2400,Hungary,Europe,1990,11.83395791374528
2401,Hungary,Europe,1991,11.84390616894586
2402,Hungary,Europe,1992,11.84546660491312
2403,Hungary,Europe,1993,11.840801266253589
2404,Hungary,Europe,1994,11.83243287372886
2405,Hungary,Europe,1995,11.81983416303876
2406,Hungary,Europe,1996,11.7916087750643
2407,Hungary,Europe,1997,11.74470578118332
2408,Hungary,Europe,1998,11.68751876483733
2409,Hungary,Europe,1999,11.63605083566366
2410,Hungary,Europe,2000,11.59679859099204
2411,Hungary,Europe,2001,11.5668987309233
2412,Hungary,Europe,2002,11.53798980665845
2413,Hungary,Europe,2003,11.50785468116831
2414,Hungary,Europe,2004,11.48219512990107
2415,Hungary,Europe,2005,11.45746174537343
2416,Hungary,Europe,2006,11.43964623212209
2417,Hungary,Europe,2007,11.42865787739725
2418,Hungary,Europe,2008,11.42179762403256
2419,Hungary,Europe,2009,11.4135432954832
2420,Hungary,Europe,2010,11.40078474663211
2421,Hungary,Europe,2011,11.38752547807907
2422,Hungary,Europe,2012,11.37336301277071
2423,Hungary,Europe,2013,11.36294084621626
2424,Hungary,Europe,2014,11.35357930126486
2425,Hungary,Europe,2015,11.34404250677502
2426,Hungary,Europe,2016,11.34174824200008
2427,Hungary,Europe,2017,11.33784429027102
2428,Hungary,Europe,2018,11.32894597855191
2429,Hungary,Europe,2019,11.31090785165621
2430,Iceland,Europe,1990,14.72627194870966
2431,Iceland,Europe,1991,14.726678072860992
2432,Iceland,Europe,1992,14.72222232208943
2433,Iceland,Europe,1993,14.719017742537648
2434,Iceland,Europe,1994,14.715579804411542
2435,Iceland,Europe,1995,14.70780224745963
2436,Iceland,Europe,1996,14.69693497021995
2437,Iceland,Europe,1997,14.67898153209662
2438,Iceland,Europe,1998,14.65732978770122
2439,Iceland,Europe,1999,14.63512853779681
2440,Iceland,Europe,2000,14.61908902949903
2441,Iceland,Europe,2001,14.61124274483836
2442,Iceland,Europe,2002,14.59759430541458
2443,Iceland,Europe,2003,14.58447848360256
2444,Iceland,Europe,2004,14.573854341554398
2445,Iceland,Europe,2005,14.558635840407767
2446,Iceland,Europe,2006,14.530888169842452
2447,Iceland,Europe,2007,14.49791240041651
2448,Iceland,Europe,2008,14.4735648081467
2449,Iceland,Europe,2009,14.46104564742189
2450,Iceland,Europe,2010,14.46289673472562
2451,Iceland,Europe,2011,14.48070519585913
2452,Iceland,Europe,2012,14.51143174672972
2453,Iceland,Europe,2013,14.540102763627468
2454,Iceland,Europe,2014,14.56564293241717
2455,Iceland,Europe,2015,14.58237229964793
2456,Iceland,Europe,2016,14.57946280504448
2457,Iceland,Europe,2017,14.57312491280981
2458,Iceland,Europe,2018,14.58182391676931
2459,Iceland,Europe,2019,14.60112474364376
2580,Ireland,Europe,1990,17.08500198716346
2581,Ireland,Europe,1991,17.11800622989502
2582,Ireland,Europe,1992,17.14552479902578
2583,Ireland,Europe,1993,17.16806402921462
2584,Ireland,Europe,1994,17.17805677558598
2585,Ireland,Europe,1995,17.18657736982933
2586,Ireland,Europe,1996,17.16722632891004
2587,Ireland,Europe,1997,17.1135606824833
2588,Ireland,Europe,1998,17.045910671846528
2589,Ireland,Europe,1999,16.98597533571153
2590,Ireland,Europe,2000,16.95848974424952
2591,Ireland,Europe,2001,16.95475355793448
2592,Ireland,Europe,2002,16.95180831351927
2593,Ireland,Europe,2003,16.94542769881426
2594,Ireland,Europe,2004,16.94575713270866
2595,Ireland,Europe,2005,16.95384221530425
2596,Ireland,Europe,2006,17.03822555540027
2597,Ireland,Europe,2007,17.23641596291909
2598,Ireland,Europe,2008,17.46601863832189
2599,Ireland,Europe,2009,17.66448346705595
2600,Ireland,Europe,2010,17.75254509385189
2601,Ireland,Europe,2011,17.76053907559766
2602,Ireland,Europe,2012,17.74447755289648
2603,Ireland,Europe,2013,17.72000732312193
2604,Ireland,Europe,2014,17.70379116464728
2605,Ireland,Europe,2015,17.70177041090137
2606,Ireland,Europe,2016,17.7979710270164
2607,Ireland,Europe,2017,17.88389694781244
2608,Ireland,Europe,2018,17.801417688336958
2609,Ireland,Europe,2019,17.60945354268606
2640,Italy,Europe,1990,15.400106433443868
2641,Italy,Europe,1991,15.28622432514002
2642,Italy,Europe,1992,15.17809387343885
2643,Italy,Europe,1993,15.07925707754278
2644,Italy,Europe,1994,14.99307928647698
2645,Italy,Europe,1995,14.92088196072426
2646,Italy,Europe,1996,14.85439403064433
2647,Italy,Europe,1997,14.7882997000652
2648,Italy,Europe,1998,14.72696884781903
2649,Italy,Europe,1999,14.68228047549106
2650,Italy,Europe,2000,14.66215548128502
2651,Italy,Europe,2001,14.66209562875403
2652,Italy,Europe,2002,14.67193860634532
2653,Italy,Europe,2003,14.68248055230913
2654,Italy,Europe,2004,14.68673435478755
2655,Italy,Europe,2005,14.67710425399694
2656,Italy,Europe,2006,14.682742254147229
2657,Italy,Europe,2007,14.72859686554514
2658,Italy,Europe,2008,14.79164110521447
2659,Italy,Europe,2009,14.855923146976268
2660,Italy,Europe,2010,14.90113319709278
2661,Italy,Europe,2011,14.94029457895011
2662,Italy,Europe,2012,14.995987799909049
2663,Italy,Europe,2013,15.053235060491192
2664,Italy,Europe,2014,15.098320463022771
2665,Italy,Europe,2015,15.12036922297428
2666,Italy,Europe,2016,15.06866019991359
2667,Italy,Europe,2017,15.01275418311624
2668,Italy,Europe,2018,15.01531246266366
2669,Italy,Europe,2019,15.033929012786352
2940,Latvia,Europe,1990,13.21211289748219
2941,Latvia,Europe,1991,13.22208101212004
2942,Latvia,Europe,1992,13.2308961792096
2943,Latvia,Europe,1993,13.23688963194932
2944,Latvia,Europe,1994,13.23768214255688
2945,Latvia,Europe,1995,13.238981322574562
2946,Latvia,Europe,1996,13.2280048765662
2947,Latvia,Europe,1997,13.21118324380062
2948,Latvia,Europe,1998,13.19482511875524
2949,Latvia,Europe,1999,13.176038566913078
2950,Latvia,Europe,2000,13.16355379924665
2951,Latvia,Europe,2001,13.13752015281732
2952,Latvia,Europe,2002,13.08674172793372
2953,Latvia,Europe,2003,13.020471083122551
2954,Latvia,Europe,2004,12.95504450917939
2955,Latvia,Europe,2005,12.90333739335148
2956,Latvia,Europe,2006,12.85785784151513
2957,Latvia,Europe,2007,12.80021111434266
2958,Latvia,Europe,2008,12.74459379081992
2959,Latvia,Europe,2009,12.699827722634598
2960,Latvia,Europe,2010,12.67339372325523
2961,Latvia,Europe,2011,12.65927874712853
2962,Latvia,Europe,2012,12.6497224604813
2963,Latvia,Europe,2013,12.64753732239689
2964,Latvia,Europe,2014,12.64256457053961
2965,Latvia,Europe,2015,12.63543241854769
2966,Latvia,Europe,2016,12.63055673374159
2967,Latvia,Europe,2017,12.621278955171991
2968,Latvia,Europe,2018,12.61628934240562
2969,Latvia,Europe,2019,12.61688961073591
3090,Lithuania,Europe,1990,13.51683656552384
3091,Lithuania,Europe,1991,13.52830736512074
3092,Lithuania,Europe,1992,13.54528546713831
3093,Lithuania,Europe,1993,13.56149992098698
3094,Lithuania,Europe,1994,13.5786443490905
3095,Lithuania,Europe,1995,13.59450591606474
3096,Lithuania,Europe,1996,13.62495991516814
3097,Lithuania,Europe,1997,13.685561331138327
3098,Lithuania,Europe,1998,13.74919830783749
3099,Lithuania,Europe,1999,13.798939796390847
3100,Lithuania,Europe,2000,13.82112153734561
3101,Lithuania,Europe,2001,13.80132413549168
3102,Lithuania,Europe,2002,13.748893442517147
3103,Lithuania,Europe,2003,13.6854717611995
3104,Lithuania,Europe,2004,13.62004757875734
3105,Lithuania,Europe,2005,13.57399703866396
3106,Lithuania,Europe,2006,13.535587371549571
3107,Lithuania,Europe,2007,13.49517004893438
3108,Lithuania,Europe,2008,13.45693453143291
3109,Lithuania,Europe,2009,13.420949265595253
3110,Lithuania,Europe,2010,13.39854865607675
3111,Lithuania,Europe,2011,13.36977977542566
3112,Lithuania,Europe,2012,13.32823948000787
3113,Lithuania,Europe,2013,13.28594758524092
3114,Lithuania,Europe,2014,13.25579004637018
3115,Lithuania,Europe,2015,13.24467955005954
3116,Lithuania,Europe,2016,13.270174667954027
3117,Lithuania,Europe,2017,13.29159877292134
3118,Lithuania,Europe,2018,13.27272191717626
3119,Lithuania,Europe,2019,13.24890355494
3120,Luxembourg,Europe,1990,15.41785725472302
3121,Luxembourg,Europe,1991,15.40569970858591
3122,Luxembourg,Europe,1992,15.39765409099001
3123,Luxembourg,Europe,1993,15.38913341134838
3124,Luxembourg,Europe,1994,15.37805377725981
3125,Luxembourg,Europe,1995,15.369802134626967
3126,Luxembourg,Europe,1996,15.35866178064165
3127,Luxembourg,Europe,1997,15.345573308447449
3128,Luxembourg,Europe,1998,15.33600517319836
3129,Luxembourg,Europe,1999,15.31910872744035
3130,Luxembourg,Europe,2000,15.29637321302722
3131,Luxembourg,Europe,2001,15.26744826877397
3132,Luxembourg,Europe,2002,15.233500505199348
3133,Luxembourg,Europe,2003,15.197373570512571
3134,Luxembourg,Europe,2004,15.15978264411297
3135,Luxembourg,Europe,2005,15.12797253333858
3136,Luxembourg,Europe,2006,15.095534467076671
3137,Luxembourg,Europe,2007,15.05043078523622
3138,Luxembourg,Europe,2008,15.00449511856189
3139,Luxembourg,Europe,2009,14.96363205398756
3140,Luxembourg,Europe,2010,14.943578028813809
3141,Luxembourg,Europe,2011,14.938750052765853
3142,Luxembourg,Europe,2012,14.934133846650042
3143,Luxembourg,Europe,2013,14.929742352411878
3144,Luxembourg,Europe,2014,14.926789985883271
3145,Luxembourg,Europe,2015,14.92727743524605
3146,Luxembourg,Europe,2016,14.911047479747491
3147,Luxembourg,Europe,2017,14.897697394973012
3148,Luxembourg,Europe,2018,14.89859917121857
3149,Luxembourg,Europe,2019,14.90676863184495
3300,Malta,Europe,1990,15.794702562161389
3301,Malta,Europe,1991,15.77568452180175
3302,Malta,Europe,1992,15.75774644892107
3303,Malta,Europe,1993,15.739127460188609
3304,Malta,Europe,1994,15.72484980638392
3305,Malta,Europe,1995,15.70922161671748
3306,Malta,Europe,1996,15.699871703481769
3307,Malta,Europe,1997,15.690308210030071
3308,Malta,Europe,1998,15.680955151371831
3309,Malta,Europe,1999,15.67524185213832
3310,Malta,Europe,2000,15.66717138777037
3311,Malta,Europe,2001,15.66510626739401
3312,Malta,Europe,2002,15.66706894865087
3313,Malta,Europe,2003,15.67140336808744
3314,Malta,Europe,2004,15.67209081921675
3315,Malta,Europe,2005,15.67076542375352
3316,Malta,Europe,2006,15.65929621901423
3317,Malta,Europe,2007,15.63604742387878
3318,Malta,Europe,2008,15.61112949481086
3319,Malta,Europe,2009,15.59104989681131
3320,Malta,Europe,2010,15.58532871363883
3321,Malta,Europe,2011,15.59428504978109
3322,Malta,Europe,2012,15.61385268095993
3323,Malta,Europe,2013,15.641183489829771
3324,Malta,Europe,2014,15.66412809178478
3325,Malta,Europe,2015,15.672933341319538
3326,Malta,Europe,2016,15.64419589767919
3327,Malta,Europe,2017,15.615465669827392
3328,Malta,Europe,2018,15.6468505405238
3329,Malta,Europe,2019,15.72444383839445
3480,Moldova,Europe,1990,13.00580125501886
3481,Moldova,Europe,1991,13.0126183670248
3482,Moldova,Europe,1992,13.02523297240292
3483,Moldova,Europe,1993,13.04635756675077
3484,Moldova,Europe,1994,13.070375002928062
3485,Moldova,Europe,1995,13.105017627614652
3486,Moldova,Europe,1996,13.15950117110545
3487,Moldova,Europe,1997,13.23260766842537
3488,Moldova,Europe,1998,13.30923812952825
3489,Moldova,Europe,1999,13.36416444204596
3490,Moldova,Europe,2000,13.37989192931978
3491,Moldova,Europe,2001,13.3622019429565
3492,Moldova,Europe,2002,13.3364523403645
3493,Moldova,Europe,2003,13.30606050880238
3494,Moldova,Europe,2004,13.277374741336988
3495,Moldova,Europe,2005,13.251978776661218
3496,Moldova,Europe,2006,13.218838719199267
3497,Moldova,Europe,2007,13.17670572294216
3498,Moldova,Europe,2008,13.1274109661068
3499,Moldova,Europe,2009,13.07667188171292
3500,Moldova,Europe,2010,13.038774430346308
3501,Moldova,Europe,2011,13.01109892875036
3502,Moldova,Europe,2012,12.98321656093073
3503,Moldova,Europe,2013,12.95638260216985
3504,Moldova,Europe,2014,12.92910741386398
3505,Moldova,Europe,2015,12.90307730945009
3506,Moldova,Europe,2016,12.87690405454523
3507,Moldova,Europe,2017,12.8559270029631
3508,Moldova,Europe,2018,12.83088203025457
3509,Moldova,Europe,2019,12.80447647455568
3510,Monaco,Europe,1990,15.87116271441448
3511,Monaco,Europe,1991,15.8714707402298
3512,Monaco,Europe,1992,15.876054731368718
3513,Monaco,Europe,1993,15.876931332431871
3514,Monaco,Europe,1994,15.87999636556017
3515,Monaco,Europe,1995,15.8816897020988
3516,Monaco,Europe,1996,15.879621410451811
3517,Monaco,Europe,1997,15.88454282477135
3518,Monaco,Europe,1998,15.887407798564098
3519,Monaco,Europe,1999,15.88798082710112
3520,Monaco,Europe,2000,15.890798538008111
3521,Monaco,Europe,2001,15.89592610226572
3522,Monaco,Europe,2002,15.906530796971822
3523,Monaco,Europe,2003,15.91483825439626
3524,Monaco,Europe,2004,15.92320495154164
3525,Monaco,Europe,2005,15.929112554338932
3526,Monaco,Europe,2006,15.93093307734446
3527,Monaco,Europe,2007,15.93415209617273
3528,Monaco,Europe,2008,15.94225892603021
3529,Monaco,Europe,2009,15.9440115712572
3530,Monaco,Europe,2010,15.95204496680033
3531,Monaco,Europe,2011,15.96307085053294
3532,Monaco,Europe,2012,15.978841664781902
3533,Monaco,Europe,2013,15.99730673788534
3534,Monaco,Europe,2014,16.01365305552787
3535,Monaco,Europe,2015,16.023616301934577
3536,Monaco,Europe,2016,16.02721458091195
3537,Monaco,Europe,2017,16.026126610130458
3538,Monaco,Europe,2018,16.04062581982285
3539,Monaco,Europe,2019,16.05401173807564
3570,Montenegro,Europe,1990,11.587859903262949
3571,Montenegro,Europe,1991,11.62115471295429
3572,Montenegro,Europe,1992,11.65231943399479
3573,Montenegro,Europe,1993,11.6790213739585
3574,Montenegro,Europe,1994,11.702416142893153
3575,Montenegro,Europe,1995,11.72113847760567
3576,Montenegro,Europe,1996,11.73903758395915
3577,Montenegro,Europe,1997,11.758976016860087
3578,Montenegro,Europe,1998,11.77833414468116
3579,Montenegro,Europe,1999,11.78904940973472
3580,Montenegro,Europe,2000,11.7963362329381
3581,Montenegro,Europe,2001,11.79874709325571
3582,Montenegro,Europe,2002,11.79773154148673
3583,Montenegro,Europe,2003,11.79083286107796
3584,Montenegro,Europe,2004,11.78538390194874
3585,Montenegro,Europe,2005,11.77875897609671
3586,Montenegro,Europe,2006,11.76872966324329
3587,Montenegro,Europe,2007,11.75317028420106
3588,Montenegro,Europe,2008,11.7389433769139
3589,Montenegro,Europe,2009,11.72198049734756
3590,Montenegro,Europe,2010,11.70985225685693
3591,Montenegro,Europe,2011,11.69845545654836
3592,Montenegro,Europe,2012,11.6855851830139
3593,Montenegro,Europe,2013,11.67272759297304
3594,Montenegro,Europe,2014,11.66360847134286
3595,Montenegro,Europe,2015,11.65627804249317
3596,Montenegro,Europe,2016,11.650947917132
3597,Montenegro,Europe,2017,11.64784491196666
3598,Montenegro,Europe,2018,11.6441046255839
3599,Montenegro,Europe,2019,11.63408924793044
3780,Netherlands,Europe,1990,16.17283460396105
3781,Netherlands,Europe,1991,16.30976639385458
3782,Netherlands,Europe,1992,16.42997409124474
3783,Netherlands,Europe,1993,16.52461929738894
3784,Netherlands,Europe,1994,16.590876179235458
3785,Netherlands,Europe,1995,16.61822297571966
3786,Netherlands,Europe,1996,16.61786394478987
3787,Netherlands,Europe,1997,16.61026044393894
3788,Netherlands,Europe,1998,16.599127143287628
3789,Netherlands,Europe,1999,16.58353095452958
3790,Netherlands,Europe,2000,16.57200025755918
3791,Netherlands,Europe,2001,16.521858733407978
3792,Netherlands,Europe,2002,16.41723043872203
3793,Netherlands,Europe,2003,16.293861117994
3794,Netherlands,Europe,2004,16.18889643661662
3795,Netherlands,Europe,2005,16.12722945489156
3796,Netherlands,Europe,2006,16.11762300723012
3797,Netherlands,Europe,2007,16.1213793875093
3798,Netherlands,Europe,2008,16.13455389229843
3799,Netherlands,Europe,2009,16.153189311592207
3800,Netherlands,Europe,2010,16.17526646473709
3801,Netherlands,Europe,2011,16.24671111971113
3802,Netherlands,Europe,2012,16.37752303063228
3803,Netherlands,Europe,2013,16.52859861013658
3804,Netherlands,Europe,2014,16.6496611461335
3805,Netherlands,Europe,2015,16.699090733369477
3806,Netherlands,Europe,2016,16.62360968556279
3807,Netherlands,Europe,2017,16.5489720711956
3808,Netherlands,Europe,2018,16.56212445416321
3809,Netherlands,Europe,2019,16.59894376284065
3990,North Macedonia,Europe,1990,11.53576828534705
3991,North Macedonia,Europe,1991,11.55791933986875
3992,North Macedonia,Europe,1992,11.57788728224618
3993,North Macedonia,Europe,1993,11.59537507560401
3994,North Macedonia,Europe,1994,11.61130761675084
3995,North Macedonia,Europe,1995,11.62033427267904
3996,North Macedonia,Europe,1996,11.62597956845745
3997,North Macedonia,Europe,1997,11.6237826488569
3998,North Macedonia,Europe,1998,11.61994433673416
3999,North Macedonia,Europe,1999,11.61807676758554
4000,North Macedonia,Europe,2000,11.620776050510411
4001,North Macedonia,Europe,2001,11.6109703554471
4002,North Macedonia,Europe,2002,11.5999046555329
4003,North Macedonia,Europe,2003,11.58451301964161
4004,North Macedonia,Europe,2004,11.564646031360851
4005,North Macedonia,Europe,2005,11.54998294349661
4006,North Macedonia,Europe,2006,11.5287160873712
4007,North Macedonia,Europe,2007,11.49781747485452
4008,North Macedonia,Europe,2008,11.46619089313234
4009,North Macedonia,Europe,2009,11.44074572823463
4010,North Macedonia,Europe,2010,11.42142914797272
4011,North Macedonia,Europe,2011,11.407052828412692
4012,North Macedonia,Europe,2012,11.39564161691589
4013,North Macedonia,Europe,2013,11.384258057480109
4014,North Macedonia,Europe,2014,11.37504051759514
4015,North Macedonia,Europe,2015,11.36781928562114
4016,North Macedonia,Europe,2016,11.35707335482873
4017,North Macedonia,Europe,2017,11.34766724647828
4018,North Macedonia,Europe,2018,11.34478053774899
4019,North Macedonia,Europe,2019,11.34311857844718
4020,Northern Ireland,Europe,1990,16.194422103511112
4021,Northern Ireland,Europe,1991,16.18062499062697
4022,Northern Ireland,Europe,1992,16.18114643417771
4023,Northern Ireland,Europe,1993,16.188226099766908
4024,Northern Ireland,Europe,1994,16.19632361958355
4025,Northern Ireland,Europe,1995,16.20858596590392
4026,Northern Ireland,Europe,1996,16.42311022184152
4027,Northern Ireland,Europe,1997,16.9019725517629
4028,Northern Ireland,Europe,1998,17.46636888174936
4029,Northern Ireland,Europe,1999,17.93792430980005
4030,Northern Ireland,Europe,2000,18.143409820931065
4031,Northern Ireland,Europe,2001,18.1633024242014
4032,Northern Ireland,Europe,2002,18.18468241552599
4033,Northern Ireland,Europe,2003,18.20907364770065
4034,Northern Ireland,Europe,2004,18.22709657887569
4035,Northern Ireland,Europe,2005,18.23444023030424
4036,Northern Ireland,Europe,2006,18.24113602645667
4037,Northern Ireland,Europe,2007,18.24970817039128
4038,Northern Ireland,Europe,2008,18.25131387670709
4039,Northern Ireland,Europe,2009,18.24797161478681
4040,Northern Ireland,Europe,2010,18.24520940837772
4041,Northern Ireland,Europe,2011,18.13586013891774
4042,Northern Ireland,Europe,2012,17.87629328781668
4043,Northern Ireland,Europe,2013,17.56437502367116
4044,Northern Ireland,Europe,2014,17.29340248572884
4045,Northern Ireland,Europe,2015,17.15067917076843
4046,Northern Ireland,Europe,2016,17.042602555621112
4047,Northern Ireland,Europe,2017,16.953089277314103
4048,Northern Ireland,Europe,2018,16.953629482649852
4049,Northern Ireland,Europe,2019,16.970233873194708
4080,Norway,Europe,1990,16.10470027492191
4081,Norway,Europe,1991,16.10985324673884
4082,Norway,Europe,1992,16.11204891012144
4083,Norway,Europe,1993,16.11138634720653
4084,Norway,Europe,1994,16.10816593180634
4085,Norway,Europe,1995,16.10481225032452
4086,Norway,Europe,1996,16.062076962707682
4087,Norway,Europe,1997,15.96775869056946
4088,Norway,Europe,1998,15.85590228317686
4089,Norway,Europe,1999,15.762360146834558
4090,Norway,Europe,2000,15.7266137862217
4091,Norway,Europe,2001,15.768928865516822
4092,Norway,Europe,2002,15.8646644164437
4093,Norway,Europe,2003,15.97824951204875
4094,Norway,Europe,2004,16.07335745793376
4095,Norway,Europe,2005,16.11412148435347
4096,Norway,Europe,2006,16.09463857422362
4097,Norway,Europe,2007,16.045120620804152
4098,Norway,Europe,2008,15.98473007627298
4099,Norway,Europe,2009,15.934041381970273
4100,Norway,Europe,2010,15.9118090547161
4101,Norway,Europe,2011,15.913823741453507
4102,Norway,Europe,2012,15.921737444785489
4103,Norway,Europe,2013,15.93573578311999
4104,Norway,Europe,2014,15.95335936840658
4105,Norway,Europe,2015,15.97259583528892
4106,Norway,Europe,2016,16.03261017658429
4107,Norway,Europe,2017,16.083554875436178
4108,Norway,Europe,2018,16.05901958335621
4109,Norway,Europe,2019,15.98195094563085
4380,Poland,Europe,1990,10.69319363997431
4381,Poland,Europe,1991,10.711004629839907
4382,Poland,Europe,1992,10.72727373141304
4383,Poland,Europe,1993,10.74159229375992
4384,Poland,Europe,1994,10.75229668701079
4385,Poland,Europe,1995,10.76195446619706
4386,Poland,Europe,1996,10.76796994269648
4387,Poland,Europe,1997,10.76600233154881
4388,Poland,Europe,1998,10.7604697502537
4389,Poland,Europe,1999,10.75146765108279
4390,Poland,Europe,2000,10.74127429952492
4391,Poland,Europe,2001,10.71579566937447
4392,Poland,Europe,2002,10.66795508789173
4393,Poland,Europe,2003,10.61244411106466
4394,Poland,Europe,2004,10.56306201778598
4395,Poland,Europe,2005,10.53499326249093
4396,Poland,Europe,2006,10.52647821853971
4397,Poland,Europe,2007,10.5245710039917
4398,Poland,Europe,2008,10.527538729774651
4399,Poland,Europe,2009,10.52846312419177
4400,Poland,Europe,2010,10.52444333350137
4401,Poland,Europe,2011,10.51748924519936
4402,Poland,Europe,2012,10.50817307314062
4403,Poland,Europe,2013,10.50017571294149
4404,Poland,Europe,2014,10.49031117001481
4405,Poland,Europe,2015,10.4795700714983
4406,Poland,Europe,2016,10.46987042389168
4407,Poland,Europe,2017,10.46187299309251
4408,Poland,Europe,2018,10.50271166174363
4409,Poland,Europe,2019,10.60162367233335
4410,Portugal,Europe,1990,18.65201594947618
4411,Portugal,Europe,1991,18.63235682619538
4412,Portugal,Europe,1992,18.62193085795682
4413,Portugal,Europe,1993,18.61640077288794
4414,Portugal,Europe,1994,18.61355792062633
4415,Portugal,Europe,1995,18.60933402642812
4416,Portugal,Europe,1996,18.65909673168837
4417,Portugal,Europe,1997,18.78450014466413
4418,Portugal,Europe,1998,18.932247953523028
4419,Portugal,Europe,1999,19.05811908031901
4420,Portugal,Europe,2000,19.11750516486955
4421,Portugal,Europe,2001,19.08230409100337
4422,Portugal,Europe,2002,18.99888378509359
4423,Portugal,Europe,2003,18.89999306619726
4424,Portugal,Europe,2004,18.8122877174469
4425,Portugal,Europe,2005,18.773988754212
4426,Portugal,Europe,2006,18.78960567767208
4427,Portugal,Europe,2007,18.8156293364591
4428,Portugal,Europe,2008,18.84770818561687
4429,Portugal,Europe,2009,18.874463328218567
4430,Portugal,Europe,2010,18.87206807733269
4431,Portugal,Europe,2011,18.80015527007754
4432,Portugal,Europe,2012,18.65842276126514
4433,Portugal,Europe,2013,18.48672875770555
4434,Portugal,Europe,2014,18.348049669318
4435,Portugal,Europe,2015,18.28341670946011
4436,Portugal,Europe,2016,18.36335289212731
4437,Portugal,Europe,2017,18.46452406294501
4438,Portugal,Europe,2018,18.4731976471389
4439,Portugal,Europe,2019,18.45128785304269
4500,Romania,Europe,1990,11.13208330945797
4501,Romania,Europe,1991,11.14683379968842
4502,Romania,Europe,1992,11.15780449819465
4503,Romania,Europe,1993,11.16922304144284
4504,Romania,Europe,1994,11.17801998919192
4505,Romania,Europe,1995,11.18271994721034
4506,Romania,Europe,1996,11.1929740136102
4507,Romania,Europe,1997,11.20820227553745
4508,Romania,Europe,1998,11.22561121272146
4509,Romania,Europe,1999,11.241665895238109
4510,Romania,Europe,2000,11.2513895276564
4511,Romania,Europe,2001,11.25343540912551
4512,Romania,Europe,2002,11.25158975740152
4513,Romania,Europe,2003,11.24105942201489
4514,Romania,Europe,2004,11.23321580258589
4515,Romania,Europe,2005,11.22144369497085
4516,Romania,Europe,2006,11.20278491136892
4517,Romania,Europe,2007,11.17619702105274
4518,Romania,Europe,2008,11.14938821957768
4519,Romania,Europe,2009,11.12994569875879
4520,Romania,Europe,2010,11.11019874891853
4521,Romania,Europe,2011,11.11314670145662
4522,Romania,Europe,2012,11.12596931835453
4523,Romania,Europe,2013,11.14321172127592
4524,Romania,Europe,2014,11.15386390393844
4525,Romania,Europe,2015,11.15419222959576
4526,Romania,Europe,2016,11.13722933795985
4527,Romania,Europe,2017,11.12238647806149
4528,Romania,Europe,2018,11.11292607982357
4529,Romania,Europe,2019,11.10257338806637
4530,Russia,Europe,1990,11.409786622892067
4531,Russia,Europe,1991,11.43533944516111
4532,Russia,Europe,1992,11.46009585595119
4533,Russia,Europe,1993,11.48469564981712
4534,Russia,Europe,1994,11.50943394922022
4535,Russia,Europe,1995,11.53397538692335
4536,Russia,Europe,1996,11.56400766292876
4537,Russia,Europe,1997,11.599614709961829
4538,Russia,Europe,1998,11.6348211940667
4539,Russia,Europe,1999,11.66049190422121
4540,Russia,Europe,2000,11.6701245785451
4541,Russia,Europe,2001,11.65651632756166
4542,Russia,Europe,2002,11.62652384062892
4543,Russia,Europe,2003,11.5874142618764
4544,Russia,Europe,2004,11.5470297529884
4545,Russia,Europe,2005,11.51280290584549
4546,Russia,Europe,2006,11.47527316596911
4547,Russia,Europe,2007,11.42532258454179
4548,Russia,Europe,2008,11.37363117540321
4549,Russia,Europe,2009,11.32953810946084
4550,Russia,Europe,2010,11.3033846156579
4551,Russia,Europe,2011,11.30282262943116
4552,Russia,Europe,2012,11.32013699121714
4553,Russia,Europe,2013,11.3458917085259
4554,Russia,Europe,2014,11.36862836377645
4555,Russia,Europe,2015,11.3765859834761
4556,Russia,Europe,2016,11.370562275993
4557,Russia,Europe,2017,11.36239304352523
4558,Russia,Europe,2018,11.34798780320863
4559,Russia,Europe,2019,11.32027708589342
4710,San Marino,Europe,1990,15.769790850824569
4711,San Marino,Europe,1991,15.777907274117888
4712,San Marino,Europe,1992,15.78572395109285
4713,San Marino,Europe,1993,15.795129714010962
4714,San Marino,Europe,1994,15.80306407478112
4715,San Marino,Europe,1995,15.80795560883044
4716,San Marino,Europe,1996,15.816609905989573
4717,San Marino,Europe,1997,15.82572085837132
4718,San Marino,Europe,1998,15.829646657581712
4719,San Marino,Europe,1999,15.83732736235047
4720,San Marino,Europe,2000,15.84513260109339
4721,San Marino,Europe,2001,15.851419925566502
4722,San Marino,Europe,2002,15.86097332115613
4723,San Marino,Europe,2003,15.869385843183782
4724,San Marino,Europe,2004,15.879756387209
4725,San Marino,Europe,2005,15.88551639787596
4726,San Marino,Europe,2006,15.88682876715098
4727,San Marino,Europe,2007,15.885407879695029
4728,San Marino,Europe,2008,15.8808455713839
4729,San Marino,Europe,2009,15.88152775617099
4730,San Marino,Europe,2010,15.88273158293858
4731,San Marino,Europe,2011,15.89125819676214
4732,San Marino,Europe,2012,15.903579538522411
4733,San Marino,Europe,2013,15.91503862620534
4734,San Marino,Europe,2014,15.92638187725173
4735,San Marino,Europe,2015,15.93491240181012
4736,San Marino,Europe,2016,15.941415020409492
4737,San Marino,Europe,2017,15.94262088812582
4738,San Marino,Europe,2018,15.943052460644038
4739,San Marino,Europe,2019,15.93950855392209
4800,Scotland,Europe,1990,14.2694058879778
4801,Scotland,Europe,1991,14.16820071772996
4802,Scotland,Europe,1992,14.07388533693615
4803,Scotland,Europe,1993,13.995570708186438
4804,Scotland,Europe,1994,13.93901789577895
4805,Scotland,Europe,1995,13.91096818363398
4806,Scotland,Europe,1996,13.90308388378256
4807,Scotland,Europe,1997,13.898607825187453
4808,Scotland,Europe,1998,13.89303361887422
4809,Scotland,Europe,1999,13.888087258780049
4810,Scotland,Europe,2000,13.88011479518288
4811,Scotland,Europe,2001,13.8655068546069
4812,Scotland,Europe,2002,13.8452506525318
4813,Scotland,Europe,2003,13.82595166782366
4814,Scotland,Europe,2004,13.80799144044039
4815,Scotland,Europe,2005,13.79646271785609
4816,Scotland,Europe,2006,13.80081465056382
4817,Scotland,Europe,2007,13.82106994815106
4818,Scotland,Europe,2008,13.851876288219088
4819,Scotland,Europe,2009,13.88252501403626
4820,Scotland,Europe,2010,13.90461826987934
4821,Scotland,Europe,2011,13.92565781997522
4822,Scotland,Europe,2012,13.95342676271314
4823,Scotland,Europe,2013,13.97617885849193
4824,Scotland,Europe,2014,13.987019937650718
4825,Scotland,Europe,2015,13.982481155898313
4826,Scotland,Europe,2016,13.93306691700302
4827,Scotland,Europe,2017,13.89134744307925
4828,Scotland,Europe,2018,13.900119950118258
4829,Scotland,Europe,2019,13.94262129346715
4860,Serbia,Europe,1990,11.49834954861384
4861,Serbia,Europe,1991,11.51906428427546
4862,Serbia,Europe,1992,11.54249356292493
4863,Serbia,Europe,1993,11.55794761944981
4864,Serbia,Europe,1994,11.57257446190647
4865,Serbia,Europe,1995,11.583603674714633
4866,Serbia,Europe,1996,11.59494301851498
4867,Serbia,Europe,1997,11.609282345996789
4868,Serbia,Europe,1998,11.61958962525718
4869,Serbia,Europe,1999,11.626832923513671
4870,Serbia,Europe,2000,11.624398314989309
4871,Serbia,Europe,2001,11.60758671707927
4872,Serbia,Europe,2002,11.56417466575682
4873,Serbia,Europe,2003,11.51182489077549
4874,Serbia,Europe,2004,11.46260385236846
4875,Serbia,Europe,2005,11.4310667886274
4876,Serbia,Europe,2006,11.40650242551151
4877,Serbia,Europe,2007,11.385128263986829
4878,Serbia,Europe,2008,11.36191161603299
4879,Serbia,Europe,2009,11.3392454311862
4880,Serbia,Europe,2010,11.32714882350223
4881,Serbia,Europe,2011,11.32702488243439
4882,Serbia,Europe,2012,11.335743265268093
4883,Serbia,Europe,2013,11.34982967240298
4884,Serbia,Europe,2014,11.3629965185734
4885,Serbia,Europe,2015,11.36684174301264
4886,Serbia,Europe,2016,11.39061469144675
4887,Serbia,Europe,2017,11.41704630253484
4888,Serbia,Europe,2018,11.4030071527148
4889,Serbia,Europe,2019,11.3794795016551
4950,Slovakia,Europe,1990,11.52440652683407
4951,Slovakia,Europe,1991,11.54054028042215
4952,Slovakia,Europe,1992,11.54965146494705
4953,Slovakia,Europe,1993,11.56002717874171
4954,Slovakia,Europe,1994,11.56457723246111
4955,Slovakia,Europe,1995,11.56868587736598
4956,Slovakia,Europe,1996,11.57022007932402
4957,Slovakia,Europe,1997,11.56707414459678
4958,Slovakia,Europe,1998,11.56414313333784
4959,Slovakia,Europe,1999,11.55001834176029
4960,Slovakia,Europe,2000,11.5368892976436
4961,Slovakia,Europe,2001,11.5254876998699
4962,Slovakia,Europe,2002,11.51084965607277
4963,Slovakia,Europe,2003,11.49406797691995
4964,Slovakia,Europe,2004,11.4745791009246
4965,Slovakia,Europe,2005,11.45502998762179
4966,Slovakia,Europe,2006,11.42988558929114
4967,Slovakia,Europe,2007,11.402074842770531
4968,Slovakia,Europe,2008,11.37121989121965
4969,Slovakia,Europe,2009,11.34526698846464
4970,Slovakia,Europe,2010,11.32031260806291
4971,Slovakia,Europe,2011,11.30642149542921
4972,Slovakia,Europe,2012,11.29118109492914
4973,Slovakia,Europe,2013,11.27718319785843
4974,Slovakia,Europe,2014,11.26418204674251
4975,Slovakia,Europe,2015,11.252758995518
4976,Slovakia,Europe,2016,11.2376210186256
4977,Slovakia,Europe,2017,11.22158441685783
4978,Slovakia,Europe,2018,11.21083437685386
4979,Slovakia,Europe,2019,11.20573391428391
4980,Slovenia,Europe,1990,12.227785353558913
4981,Slovenia,Europe,1991,12.24864502085949
4982,Slovenia,Europe,1992,12.26335230534663
4983,Slovenia,Europe,1993,12.27094691277048
4984,Slovenia,Europe,1994,12.27436587810178
4985,Slovenia,Europe,1995,12.27784202676218
4986,Slovenia,Europe,1996,12.27234351761278
4987,Slovenia,Europe,1997,12.25189733619947
4988,Slovenia,Europe,1998,12.222399170679129
4989,Slovenia,Europe,1999,12.19026327422512
4990,Slovenia,Europe,2000,12.159453136932967
4991,Slovenia,Europe,2001,12.1281688659205
4992,Slovenia,Europe,2002,12.09320522376202
4993,Slovenia,Europe,2003,12.05998697100162
4994,Slovenia,Europe,2004,12.01875608722092
4995,Slovenia,Europe,2005,11.98330513254174
4996,Slovenia,Europe,2006,11.940696595214453
4997,Slovenia,Europe,2007,11.884222363404447
4998,Slovenia,Europe,2008,11.82622318401744
4999,Slovenia,Europe,2009,11.77447873002524
5000,Slovenia,Europe,2010,11.73936209731745
5001,Slovenia,Europe,2011,11.71794039778149
5002,Slovenia,Europe,2012,11.69716476439685
5003,Slovenia,Europe,2013,11.68068249029219
5004,Slovenia,Europe,2014,11.67097105135351
5005,Slovenia,Europe,2015,11.66455163920498
5006,Slovenia,Europe,2016,11.65927835571533
5007,Slovenia,Europe,2017,11.65511252979409
5008,Slovenia,Europe,2018,11.645314553736313
5009,Slovenia,Europe,2019,11.62601183415854
5130,Spain,Europe,1990,17.4253179081918
5131,Spain,Europe,1991,17.378612477797482
5132,Spain,Europe,1992,17.334225078457948
5133,Spain,Europe,1993,17.28659465829196
5134,Spain,Europe,1994,17.24814167206188
5135,Spain,Europe,1995,17.21289873873165
5136,Spain,Europe,1996,17.15766700864619
5137,Spain,Europe,1997,17.06341770952108
5138,Spain,Europe,1998,16.95183594867825
5139,Spain,Europe,1999,16.86837441167062
5140,Spain,Europe,2000,16.82822871311571
5141,Spain,Europe,2001,16.8592907614034
5142,Spain,Europe,2002,16.944959012779933
5143,Spain,Europe,2003,17.069146657534322
5144,Spain,Europe,2004,17.199413754487168
5145,Spain,Europe,2005,17.31036692327345
5146,Spain,Europe,2006,17.47409328335336
5147,Spain,Europe,2007,17.72373568036529
5148,Spain,Europe,2008,17.99906223394565
5149,Spain,Europe,2009,18.23638401947312
5150,Spain,Europe,2010,18.37506244575938
5151,Spain,Europe,2011,18.45373898292745
5152,Spain,Europe,2012,18.53432084217877
5153,Spain,Europe,2013,18.60652873013576
5154,Spain,Europe,2014,18.67334189898248
5155,Spain,Europe,2015,18.71925695479332
5156,Spain,Europe,2016,18.7640430693667
5157,Spain,Europe,2017,18.80417382149434
5158,Spain,Europe,2018,18.6590102025605
5159,Spain,Europe,2019,18.31971830422646
5250,Sweden,Europe,1990,15.29642579642498
5251,Sweden,Europe,1991,15.33715429723895
5252,Sweden,Europe,1992,15.36826913565728
5253,Sweden,Europe,1993,15.397256148821588
5254,Sweden,Europe,1994,15.41367338698024
5255,Sweden,Europe,1995,15.425436750315727
5256,Sweden,Europe,1996,15.42775697346046
5257,Sweden,Europe,1997,15.423927969085142
5258,Sweden,Europe,1998,15.423607819873968
5259,Sweden,Europe,1999,15.42147601516058
5260,Sweden,Europe,2000,15.42214016118882
5261,Sweden,Europe,2001,15.425746644100547
5262,Sweden,Europe,2002,15.435340953813707
5263,Sweden,Europe,2003,15.44679436528423
5264,Sweden,Europe,2004,15.45748073949166
5265,Sweden,Europe,2005,15.46091946539514
5266,Sweden,Europe,2006,15.455169706084687
5267,Sweden,Europe,2007,15.43695760083641
5268,Sweden,Europe,2008,15.41348839572203
5269,Sweden,Europe,2009,15.393644867466891
5270,Sweden,Europe,2010,15.38025313088451
5271,Sweden,Europe,2011,15.37082199359951
5272,Sweden,Europe,2012,15.36037836661684
5273,Sweden,Europe,2013,15.34793207553117
5274,Sweden,Europe,2014,15.33466998472259
5275,Sweden,Europe,2015,15.329760230226391
5276,Sweden,Europe,2016,15.325152722948602
5277,Sweden,Europe,2017,15.31808237541315
5278,Sweden,Europe,2018,15.31879823829502
5279,Sweden,Europe,2019,15.33185883815538
5280,Switzerland,Europe,1990,17.3840958739336
5281,Switzerland,Europe,1991,17.38435852631744
5282,Switzerland,Europe,1992,17.3868787613234
5283,Switzerland,Europe,1993,17.384376445277137
5284,Switzerland,Europe,1994,17.37395483547898
5285,Switzerland,Europe,1995,17.36314287121159
5286,Switzerland,Europe,1996,17.34467752619864
5287,Switzerland,Europe,1997,17.319658759829
5288,Switzerland,Europe,1998,17.28713388796621
5289,Switzerland,Europe,1999,17.25063574583126
5290,Switzerland,Europe,2000,17.20445781569226
5291,Switzerland,Europe,2001,17.09253242408741
5292,Switzerland,Europe,2002,16.88923702582554
5293,Switzerland,Europe,2003,16.662342749907218
5294,Switzerland,Europe,2004,16.47518823860116
5295,Switzerland,Europe,2005,16.40374906657593
5296,Switzerland,Europe,2006,16.4956098243286
5297,Switzerland,Europe,2007,16.70010317259012
5298,Switzerland,Europe,2008,16.94437035489394
5299,Switzerland,Europe,2009,17.14313943254432
5300,Switzerland,Europe,2010,17.22741952325488
5301,Switzerland,Europe,2011,17.22371457070638
5302,Switzerland,Europe,2012,17.21103512361129
5303,Switzerland,Europe,2013,17.191945067578278
5304,Switzerland,Europe,2014,17.177213542692222
5305,Switzerland,Europe,2015,17.170016147513408
5306,Switzerland,Europe,2016,17.17556664139138
5307,Switzerland,Europe,2017,17.17619298774976
5308,Switzerland,Europe,2018,17.14053382962404
5309,Switzerland,Europe,2019,17.07454683578732
5760,Ukraine,Europe,1990,12.5084913189681
5761,Ukraine,Europe,1991,12.588306905359351
5762,Ukraine,Europe,1992,12.66530992470967
5763,Ukraine,Europe,1993,12.73801493640994
5764,Ukraine,Europe,1994,12.798685421023707
5765,Ukraine,Europe,1995,12.843022458449273
5766,Ukraine,Europe,1996,12.87120321471012
5767,Ukraine,Europe,1997,12.88467163873974
5768,Ukraine,Europe,1998,12.88388191406233
5769,Ukraine,Europe,1999,12.87880577979835
5770,Ukraine,Europe,2000,12.87438373121104
5771,Ukraine,Europe,2001,12.85609275799814
5772,Ukraine,Europe,2002,12.812999277988398
5773,Ukraine,Europe,2003,12.756137547319607
5774,Ukraine,Europe,2004,12.69126128981668
5775,Ukraine,Europe,2005,12.63557613370676
5776,Ukraine,Europe,2006,12.5975778082829
5777,Ukraine,Europe,2007,12.58042647426044
5778,Ukraine,Europe,2008,12.5733942451715
5779,Ukraine,Europe,2009,12.56610662945749
5780,Ukraine,Europe,2010,12.54658359974998
5781,Ukraine,Europe,2011,12.51021090626278
5782,Ukraine,Europe,2012,12.46368368020512
5783,Ukraine,Europe,2013,12.41485652500873
5784,Ukraine,Europe,2014,12.37645824272723
5785,Ukraine,Europe,2015,12.3574426649114
5786,Ukraine,Europe,2016,12.36978986364114
5787,Ukraine,Europe,2017,12.38240410747192
5788,Ukraine,Europe,2018,12.3900988913785
5789,Ukraine,Europe,2019,12.39784683815513
5820,United Kingdom,Europe,1990,15.04933483510737
5821,United Kingdom,Europe,1991,15.01031567918939
5822,United Kingdom,Europe,1992,14.97406397062764
5823,United Kingdom,Europe,1993,14.94258600328598
5824,United Kingdom,Europe,1994,14.91942154773186
5825,United Kingdom,Europe,1995,14.906695481866288
5826,United Kingdom,Europe,1996,14.90320576992252
5827,United Kingdom,Europe,1997,14.90185909247142
5828,United Kingdom,Europe,1998,14.90129778436019
5829,United Kingdom,Europe,1999,14.89842362711514
5830,United Kingdom,Europe,2000,14.89019815539482
5831,United Kingdom,Europe,2001,14.862527093295189
5832,United Kingdom,Europe,2002,14.81201794311211
5833,United Kingdom,Europe,2003,14.75412054682417
5834,United Kingdom,Europe,2004,14.70431884682103
5835,United Kingdom,Europe,2005,14.678487461124831
5836,United Kingdom,Europe,2006,14.6988103599247
5837,United Kingdom,Europe,2007,14.76274267149452
5838,United Kingdom,Europe,2008,14.84635611318234
5839,United Kingdom,Europe,2009,14.923651554547678
5840,United Kingdom,Europe,2010,14.971830498735187
5841,United Kingdom,Europe,2011,15.02006760194566
5842,United Kingdom,Europe,2012,15.10066089950318
5843,United Kingdom,Europe,2013,15.18797337902075
5844,United Kingdom,Europe,2014,15.25770056705488
5845,United Kingdom,Europe,2015,15.28504829823836
5846,United Kingdom,Europe,2016,15.21976681423001
5847,United Kingdom,Europe,2017,15.15391105657848
5848,United Kingdom,Europe,2018,15.14306895474774
5849,United Kingdom,Europe,2019,15.13074861426654
6060,Wales,Europe,1990,14.80462217457765
6061,Wales,Europe,1991,14.762678417158352
6062,Wales,Europe,1992,14.71971067507194
6063,Wales,Europe,1993,14.68410909734437
6064,Wales,Europe,1994,14.65436086830455
6065,Wales,Europe,1995,14.62853406699291
6066,Wales,Europe,1996,14.6064499171084
6067,Wales,Europe,1997,14.58464355149777
6068,Wales,Europe,1998,14.5700271924659
6069,Wales,Europe,1999,14.555041644138008
6070,Wales,Europe,2000,14.53844294926222
6071,Wales,Europe,2001,14.50922333468518
6072,Wales,Europe,2002,14.460455217218673
6073,Wales,Europe,2003,14.405858274803778
6074,Wales,Europe,2004,14.3633736545383
6075,Wales,Europe,2005,14.34417295098166
6076,Wales,Europe,2006,14.340948234812078
6077,Wales,Europe,2007,14.34466373989327
6078,Wales,Europe,2008,14.35642807536763
6079,Wales,Europe,2009,14.36187335270552
6080,Wales,Europe,2010,14.36894647992015
6081,Wales,Europe,2011,14.375965551896767
6082,Wales,Europe,2012,14.39429287150307
6083,Wales,Europe,2013,14.41401034949899
6084,Wales,Europe,2014,14.431265522543727
6085,Wales,Europe,2015,14.44054117879162
6086,Wales,Europe,2016,14.429837462594469
6087,Wales,Europe,2017,14.41361583556549
6088,Wales,Europe,2018,14.42125016193131
6089,Wales,Europe,2019,14.43710378034512
